vintage,stabb,pbkey,pbkey_percentage,linkid,linkid_percentage,rectype,rectype_percentage,business,business_percentage,fname,fname_percentage,mname,mname_percentage,lname,lname_percentage,suffix,suffix_percentage,gender,gender_percentage,dob,dob_percentage,address,address_percentage,house,house_percentage,predir,predir_percentage,street,street_percentage,strtype,strtype_percentage,postdir,postdir_percentage,apttype,apttype_percentage,aptnbr,aptnbr_percentage,city,city_percentage,state,state_percentage,zip,zip_percentage,z4,z4_percentage,vacant,vacant_percentage,prop_saleamt,prop_saleamt_percentage,prop_lendername,prop_lendername_percentage,prop_mtgamt,prop_mtgamt_percentage,prop_recdate,prop_recdate_percentage,prop_taxamt,prop_taxamt_percentage,prop_taxyr,prop_taxyr_percentage,prop_assed_val,prop_assed_val_percentage
202003,CO,5605435,100,5605435,100,5524753,99,833589,15,4785575,85,3420732,61,4809029,86,133837,2,3557664,63,1572290,28,5605435,100,5605179,100,1934233,35,5605434,100,5443711,97,44984,1,693766,12,698455,12,5605408,100,5605435,100,5605356,100,5139791,92,5139726,92,4746522,85,2596312,46,3659749,65,5577824,100,3271133,58,3271134,58,3296486,59
202003,FL,25726949,100,25726949,100,25321660,98,4101564,16,21695432,84,13507836,53,21759142,85,791033,3,15863657,62,6086160,24,25726949,100,25714961,100,7942850,31,25726936,100,25095962,98,2121677,8,4377930,17,4414394,17,25726944,100,25726949,100,25726724,100,23908349,93,23908240,93,21875423,85,9592204,37,13252867,52,25581207,99,14158147,55,14158492,55,14297536,56
202003,ID,1077877,100,1077877,100,1066877,99,172419,16,906016,84,579770,54,910839,85,18106,2,647250,60,223147,21,1077877,100,1077824,100,668414,62,1077877,100,1011583,94,70744,7,16888,2,19512,2,1077877,100,1077877,100,1077877,100,972921,90,972916,90,654720,61,509366,47,694300,64,1066024,99,709946,66,709946,66,713118,66
202003,KS,1672404,100,1672404,100,1637855,98,272818,16,1426309,85,1005330,60,1431455,86,39428,2,959081,57,386565,23,1672404,100,1672228,100,1016049,61,1672395,100,1629681,97,27671,2,15076,1,15093,1,1672349,100,1672404,100,1672404,100,1530611,92,1530595,92,1183872,71,548661,33,715122,43,1666394,100,1022226,61,1022227,61,1240316,74
202003,KY,2231261,100,2231261,100,2213356,99,281248,13,1957720,88,1227865,55,1962476,88,82276,4,1333825,60,567119,25,2231261,100,2230499,100,192962,9,2231261,100,2132569,96,32535,1,57309,3,57578,3,2231221,100,2231261,100,2231223,100,2077777,93,2077755,93,1800617,81,588508,26,778488,35,2224750,100,1434488,64,1434468,64,1523725,68
202003,LA,2151501,100,2151501,100,2108397,98,319253,15,1863439,87,1422078,66,1863695,87,173862,8,1102581,51,380968,18,2151501,100,2151028,100,182926,9,2151447,100,2057783,96,17964,1,68721,3,69209,3,2151487,100,2151501,100,2151488,100,1984725,92,1984709,92,1637008,76,748460,35,866830,40,2140413,99,1548165,72,1548165,72,1573152,73
202003,ME,498549,100,498549,100,492818,99,58528,12,447309,90,306052,61,448355,90,16908,3,315662,63,105040,21,498549,100,498332,100,17408,3,498549,100,489949,98,3477,1,14411,3,14685,3,498549,100,498549,100,498549,100,431110,86,431078,86,252964,51,244943,49,255600,51,497326,100,376101,75,380375,76,383270,77
202003,MA,4239818,100,4239818,100,4130836,97,461906,11,3765036,89,2512035,59,3796239,90,102145,2,2348598,55,1253406,30,4239818,100,4234900,100,117496,3,4239818,100,4201876,99,13850,0,495938,12,505567,12,4239818,100,4239818,100,4239818,100,4010548,95,4010514,95,3368731,79,2026396,48,2755617,65,4215807,99,2377751,56,2426102,57,2424504,57
202003,MI,5881029,100,5881029,100,5800442,99,1121477,19,4897443,83,2397836,41,4915389,84,126072,2,3265367,56,1422481,24,5881029,100,5878951,100,857855,15,5881011,100,5714273,97,295224,5,105495,2,106996,2,5881029,100,5881029,100,5881029,100,5522768,94,5522755,94,4687282,80,2052461,35,2675962,46,5837826,99,3417063,58,3414715,58,3865117,66
202003,MO,3854330,100,3854330,100,3806840,99,735389,19,3140168,81,2118637,55,3154129,82,110001,3,2116604,55,950015,25,3854330,100,3853747,100,1223753,32,3854328,100,3652499,95,48678,1,116583,3,117606,3,3854159,100,3854330,100,3854161,100,3606721,94,3606508,94,1846059,48,1463570,38,1927800,50,3839469,100,2425197,63,2425199,63,2467813,64
202003,NY,8312625,100,8312625,100,8168119,98,1072695,13,7236119,87,3127765,38,7251782,87,196759,2,4590814,55,2272374,27,8312625,100,8306279,100,847929,10,8312621,100,7986449,96,114093,1,762206,9,769922,9,8312536,100,8312625,100,8312482,100,7745246,93,7745090,93,6564069,79,2784098,33,3597342,43,8275303,100,5026843,60,5031300,61,5116590,62
202003,ND,335795,100,335795,100,333685,99,58827,18,277404,83,170317,51,277444,83,4231,1,209674,62,42044,13,335795,100,335712,100,29684,9,335795,100,328649,98,213214,63,14896,4,15014,4,335795,100,335795,100,335795,100,305877,91,305872,91,237325,71,159567,48,205223,61,334680,100,235620,70,235621,70,227580,68
202003,OH,11234878,100,11234878,100,11140983,99,1732385,15,9584035,85,7102167,63,9596817,85,356837,3,7202783,64,3009445,27,11234878,100,11218988,100,1476810,13,11234807,100,10828808,96,636200,6,266888,2,269495,2,11234665,100,11234878,100,11234664,100,10634180,95,10633137,95,9231086,82,4799613,43,6683041,59,11180561,100,6658316,59,6658316,59,6696186,60
202003,WV,409593,100,409593,100,407310,99,35713,9,373841,91,304558,74,373681,91,25767,6,151864,37,45425,11,409593,100,408981,100,22941,6,409593,100,406640,99,8066,2,3933,1,3933,1,409547,100,409593,100,409547,100,358700,88,358697,88,264924,65,73579,18,83268,20,406564,99,317924,78,317930,78,334692,82
202003,CA,24042973,100,24042973,100,23383942,97,3836237,16,20182695,84,12503664,52,20353104,85,502501,2,12724843,53,5960965,25,24042973,100,24002359,100,3547218,15,24042860,100,22577706,94,150598,1,1994699,8,2013209,8,24042940,100,24042973,100,24042922,100,23026026,96,23025822,96,17639189,73,12244181,51,16684516,69,23752321,99,13390594,56,13390570,56,13428639,56
202003,DE,669458,100,669458,100,662147,99,104659,16,570417,85,422292,63,570081,85,43790,7,378652,57,179016,27,669458,100,669307,100,99736,15,669458,100,665786,99,3957,1,11873,2,11934,2,669458,100,669458,100,669458,100,632995,95,632983,95,547803,82,307185,46,418024,62,667165,100,425125,64,425124,64,448451,67
202003,HI,735118,100,735118,100,705906,96,141819,19,602031,82,457390,62,607210,83,19240,3,381495,52,92068,13,735118,100,732704,100,37928,5,735118,100,731331,99,33,0,388436,53,391043,53,735118,100,735118,100,735118,100,609705,83,608674,83,525526,71,275838,38,369772,50,729911,99,440889,60,440889,60,450351,61
202003,IA,1532078,100,1532078,100,1516997,99,202502,13,1338324,87,944188,62,1339447,87,20775,1,951310,62,402599,26,1532071,100,1532008,100,425027,28,1532071,100,1499601,98,194169,13,65863,4,66191,4,1532070,100,1532078,100,1532067,100,1458137,95,1458125,95,1157947,76,726172,47,861279,56,1523577,99,1033422,67,1033475,67,1040767,68
202003,MS,820191,100,820191,100,809908,99,108649,13,721931,88,482622,59,722931,88,44600,5,401217,49,142361,17,820191,100,819814,100,56866,7,820185,100,742357,91,47735,6,9559,1,9709,1,820075,100,820191,100,820075,100,774885,94,774880,94,176618,22,171933,21,200799,24,813882,99,613610,75,613126,75,666151,81
202003,MT,734991,100,734991,100,728988,99,108257,15,625267,85,439986,60,627605,85,14328,2,409526,56,130073,18,734991,100,734683,100,107713,15,734991,100,704619,96,97407,13,29573,4,30662,4,734991,100,734991,100,734991,100,596571,81,596556,81,267689,36,264259,36,345665,47,722261,98,510070,69,510067,69,520699,71
202003,NE,1006535,100,1006535,100,995505,99,137414,14,873422,87,640055,64,874432,87,19518,2,596329,59,251996,25,1006535,100,1006450,100,419368,42,1006535,100,964094,96,5572,1,15922,2,16206,2,1006318,100,1006535,100,1006314,100,948275,94,948270,94,875254,87,376436,37,495359,49,1002677,100,685687,68,685672,68,701691,70
202003,NV,4278890,100,4278890,100,4173962,98,972183,23,3262360,76,1844393,43,3326546,78,86652,2,2417891,57,751056,18,4278890,100,4278570,100,461977,11,4278806,100,4241094,99,22555,1,526084,12,528010,12,4278885,100,4278890,100,4278858,100,4146712,97,4141787,97,3439057,80,1872797,44,2584014,60,4241392,99,2464014,58,2464014,58,2479034,58
202003,NM,919879,100,919879,100,903973,98,115119,13,806689,88,518182,56,807650,88,23642,3,547335,60,203743,22,919879,100,919148,100,86099,9,919879,100,827367,90,471134,51,21718,2,22262,2,919877,100,919879,100,919876,100,849789,92,849777,92,511303,56,422771,46,562731,61,915654,100,566583,62,566584,62,575833,63
202003,NC,8408776,100,8408776,100,8279156,98,1203633,14,7311745,87,5652122,67,7319584,87,437267,5,5114435,61,1894933,23,8408776,100,8403200,100,573491,7,8408761,100,8282443,98,314665,4,279741,3,283442,3,8408642,100,8408776,100,8408589,100,7679767,91,7679559,91,6686421,80,3650894,43,4700894,56,8376384,100,5415375,64,5413716,64,5456845,65
202003,OR,3766369,100,3766369,100,3717410,99,515399,14,3288193,87,2340586,62,3313185,88,69959,2,2423190,64,1021826,27,3766369,100,3765013,100,2190398,58,3766369,100,3706510,98,241470,6,138585,4,139017,4,3766368,100,3766369,100,3766334,100,3636133,97,3636115,97,3130173,83,1698979,45,2310173,61,3735367,99,2328639,62,2328049,62,2336265,62
202003,SC,4839797,100,4839797,100,4781981,99,741838,15,4106449,85,3194716,66,4115407,85,298271,6,3026922,63,1020643,21,4839797,100,4835210,100,299223,6,4839797,100,4741593,98,86206,2,242533,5,244892,5,4839729,100,4839797,100,4839731,100,4377875,90,4377687,90,3775442,78,1476821,31,2017109,42,4821866,100,3041919,63,3041925,63,2857301,59
202003,SD,186903,100,186903,100,186056,100,21493,11,164620,88,108537,58,165391,88,2250,1,107392,57,45804,25,186903,100,186899,100,104357,56,186903,100,182651,98,24522,13,3404,2,3412,2,186900,100,186903,100,186900,100,171224,92,171224,92,126421,68,2389,1,2908,2,186354,100,154786,83,154786,83,173826,93
202003,VA,5489461,100,5489461,100,5376629,98,709223,13,4803189,87,3752492,68,4804602,88,334773,6,3110900,57,1566579,29,5489461,100,5487721,100,354733,6,5489461,100,5430240,99,208989,4,353385,6,357612,7,5489455,100,5489461,100,5489455,100,5222039,95,5221989,95,4680387,85,2307187,42,3213128,59,5475785,100,3306205,60,3306243,60,3337871,61
202003,WA,6958305,100,6958305,100,6866705,99,790235,11,6180483,89,4137975,59,6199060,89,135572,2,4569503,66,1821632,26,6958305,100,6956693,100,2416880,35,6958302,100,6887323,99,3016948,43,583702,8,592196,9,6958245,100,6958305,100,6958208,100,6537678,94,6537642,94,6028702,87,3379843,49,4860028,70,6933194,100,4108549,59,4108683,59,4098769,59
202003,WI,2943536,100,2943536,100,2919582,99,405750,14,2548363,87,1850907,63,2555399,87,55089,2,1704822,58,641283,22,2943536,100,2943136,100,918536,31,2943536,100,2809313,95,68620,2,148010,5,149512,5,2943533,100,2943536,100,2943530,100,2689201,91,2685873,91,2528545,86,1029705,35,1299154,44,2922603,99,1960337,67,1960318,67,2036271,69
202003,WY,209123,100,209123,100,207056,99,36325,17,173633,83,123666,59,174441,83,4983,2,114939,55,23114,11,209123,100,209106,100,57695,28,209123,100,196994,94,2087,1,7102,3,7464,4,209121,100,209123,100,209120,100,178732,85,178727,85,96578,46,87509,42,109408,52,207938,99,153103,73,153105,73,154105,74
202003,AK,372419,100,372419,100,367571,99,43031,12,329919,89,247523,66,331077,89,11777,3,223717,60,69510,19,372419,100,372365,100,105010,28,372419,100,371834,100,1015,0,27073,7,27538,7,372418,100,372419,100,372418,100,307246,83,307245,82,202439,54,184038,49,247130,66,371044,100,227645,61,227645,61,236009,63
202003,AZ,7260484,100,7260484,100,7044129,97,1431907,20,5794303,80,3751071,52,5907604,81,144885,2,4104379,57,1553979,21,7260484,100,7260319,100,6708371,92,7260484,100,6803260,94,50490,1,543868,7,547725,8,7260294,100,7260484,100,7259944,100,6675882,92,6675786,92,5740482,79,3038265,42,4071567,56,7165000,99,4076285,56,4076285,56,4116837,57
202003,CT,2075765,100,2075765,100,2021936,97,213453,10,1859030,90,992768,48,1868931,90,60633,3,1124999,54,662468,32,2075765,100,2075357,100,72743,4,2075765,100,2054988,99,18651,1,187589,9,190281,9,2075765,100,2075765,100,2075765,100,1989439,96,1989372,96,1607415,77,1021453,49,1405728,68,2066832,100,1077540,52,1088054,52,1089015,52
202003,DC,397350,100,397350,100,390073,98,49344,12,348309,88,223078,56,348767,88,11995,3,224009,56,103085,26,397350,100,397134,100,4931,1,397350,100,397329,100,397321,100,142732,36,143385,36,397350,100,397350,100,397344,100,392992,99,392889,99,356786,90,210402,53,285404,72,395577,100,235314,59,235314,59,241552,61
202003,GA,7476195,100,7476195,100,7323796,98,1367307,18,6162798,82,4108280,55,6173934,83,297986,4,4149301,56,1884469,25,7476195,100,7473661,100,309787,4,7476195,100,7307737,98,1387874,19,227204,3,228523,3,7476060,100,7476195,100,7476053,100,7120203,95,7120068,95,6038349,81,3297046,44,4375844,59,7431755,99,4418850,59,4418852,59,4495154,60
202003,IN,3580939,100,3580939,100,3548431,99,676164,19,2937276,82,2020339,56,2941288,82,98081,3,1851372,52,709051,20,3580939,100,3578842,100,1416819,40,3580939,100,3214130,90,296647,8,35699,1,35928,1,3580939,100,3580939,100,3580933,100,3314146,93,3314057,93,1577385,44,1313983,37,1612685,45,3569271,100,2487730,69,2488197,69,2559611,71
202003,NH,687278,100,687278,100,666806,97,74686,11,610796,89,431307,63,613085,89,23887,3,403729,59,150188,22,687278,100,687047,100,20864,3,687278,100,675782,98,2381,0,50465,7,52069,8,687278,100,687278,100,687278,100,634227,92,634225,92,593930,86,396056,58,430392,63,681784,99,433166,63,437048,64,434698,63
202003,OK,3255057,100,3255057,100,3218576,99,544417,17,2705279,83,1825639,56,2718983,84,98284,3,1979807,61,711305,22,3255057,100,3254707,100,2149566,66,3255056,100,3124876,96,127742,4,38353,1,39162,1,3254928,100,3255057,100,3254921,100,3046115,94,3046070,94,2527341,78,1141676,35,1492724,46,3227116,99,2014072,62,2014071,62,2047632,63
202003,RI,533945,100,533945,100,520834,98,53625,10,479434,90,293235,55,481858,90,14991,3,306186,57,128353,24,533945,100,533855,100,12334,2,533945,100,531290,100,1029,0,36081,7,36720,7,533945,100,533945,100,533945,100,517181,97,517174,97,470905,88,307916,58,398176,75,527517,99,283942,53,288883,54,288718,54
202003,TX,18718911,100,18718911,100,18467327,99,2819619,15,15981712,85,9328914,50,16030930,86,655872,4,10882880,58,4419271,24,18718905,100,18707236,100,2089787,11,18718768,100,17091716,91,248421,1,571408,3,579039,3,18718693,100,18718911,100,18718625,100,17309692,92,17309523,92,10123044,54,7958493,43,10403218,56,18657403,100,11478515,61,11478496,61,11478761,61
202003,AL,2731781,100,2731781,100,2685655,98,347769,13,2415446,88,1661856,61,2419660,89,137074,5,1703247,62,639555,23,2731781,100,2730031,100,132003,5,2731781,100,2503244,92,413844,15,66135,2,67785,2,2731721,100,2731781,100,2731717,100,2558981,94,2558943,94,1825410,67,840868,31,1079885,40,2725837,100,1676650,61,1676784,61,1860410,68
202003,AR,1876197,100,1876197,100,1860301,99,268073,14,1600562,85,980911,52,1609776,86,66911,4,1068069,57,360269,19,1876197,100,1875439,100,466332,25,1876087,100,1651306,88,66598,4,16031,1,16333,1,1876087,100,1876197,100,1876087,100,1721409,92,1721390,92,1458241,78,518752,28,701295,37,1859567,99,1332512,71,1332516,71,1412695,75
202003,IL,10042022,100,10042022,100,9836566,98,1515487,15,8526051,85,4286096,43,8645968,86,193585,2,5903792,59,2608383,26,10042022,100,10041257,100,4827461,48,10042022,100,9921605,99,67578,1,1424143,14,1439599,14,10042019,100,10042022,100,10042002,100,9555177,95,9554724,95,8014837,80,4739929,47,6294524,63,9978438,99,5982517,60,5982528,60,6028933,60
202003,MD,4988915,100,4988915,100,4918387,99,662054,13,4328945,87,3193079,64,4333792,87,340222,7,2862682,57,1434632,29,4988915,100,4986458,100,315673,6,4988915,100,4943585,99,48532,1,388358,8,394126,8,4988914,100,4988915,100,4988912,100,4829260,97,4829226,97,4226265,85,2261162,45,3274586,66,4970820,100,2894587,58,2894583,58,2963334,59
202003,MN,3494115,100,3494115,100,3432617,98,410279,12,3085924,88,2093944,60,3087872,88,39046,1,2101654,60,1013856,29,3494115,100,3493752,100,276188,8,3494115,100,3376491,97,1566861,45,199105,6,200390,6,3494101,100,3494115,100,3494098,100,3303875,95,3303842,95,3159429,90,1037960,30,1413618,40,3484757,100,2223958,64,2223958,64,2216623,63
202003,NJ,6154778,100,6154778,100,6033928,98,688824,11,5467109,89,2364164,38,5470346,89,211796,3,3622478,59,1921301,31,6154778,100,6152479,100,526593,9,6154778,100,6029040,98,78205,1,377520,6,381175,6,6154714,100,6154778,100,6154714,100,5824053,95,5823379,95,5510210,90,2840840,46,4053422,66,6131184,100,3462889,56,3462651,56,3482737,57
202003,PA,8991614,100,8991614,100,8872247,99,936431,10,8120064,90,5457222,61,8131468,90,495480,6,5399377,60,2462820,27,8991614,100,8981500,100,1555899,17,8991590,100,8895377,99,43354,0,187256,2,190838,2,8991085,100,8991614,100,8991086,100,8320827,93,8320670,93,6941315,77,3375316,38,4477950,50,8957509,100,6084307,68,6080685,68,6117106,68
202003,TN,5115067,100,5115067,100,5025289,98,641638,13,4506470,88,2993227,59,4517335,88,206396,4,3152920,62,1292975,25,5115067,100,5108293,100,330722,6,5115053,100,4989639,98,196450,4,129729,3,135226,3,5115024,100,5115067,100,5115024,100,4788687,94,4788528,94,4262455,83,1966690,38,2589418,51,5094476,100,2921432,57,2921435,57,2950195,58
202003,UT,2014618,100,2014618,100,1981321,98,349033,17,1672792,83,1035323,51,1674354,83,21538,1,1188215,59,511623,25,2014618,100,2014598,100,1716934,85,2014618,100,1105673,55,892588,44,161098,8,162134,8,2014582,100,2014618,100,2014524,100,1887350,94,1887255,94,1154421,57,1008142,50,1382564,69,1993823,99,1068965,53,1068966,53,1107593,55
202003,VT,211850,100,211850,100,209179,99,21330,10,189985,90,115931,55,190713,90,6953,3,122823,58,54433,26,211850,100,211813,100,12758,6,211850,100,200817,95,3317,2,10495,5,11006,5,211850,100,211850,100,211849,100,189576,89,189562,89,176793,83,1096,1,1130,1,203764,96,110175,52,110175,52,122818,58
